{"cameraMode":{"drawMode":0,"name":"Shaded","section":"Shading Mode"},"sceneLighting":false,"audioPlay":false,"sceneViewState":{"showFog":true,"showMaterialUpdate":false,"showSkybox":true,"showFlares":true,"showImageEffects":true,"showParticleSystems":true},"in2DMode":false,"pivot":{"x":0.1146392822265625,"y":-1.8621673583984376,"z":0.008544921875},"rotation":{"x":-0.02845778316259384,"y":-0.0518539696931839,"z":-0.0014782333746552468,"w":0.9982481002807617},"size":2.686008930206299,"orthographic":true}